{"cameraMode":{"drawMode":0,"name":"Shaded","section":"Shading Mode"},"sceneLighting":false,"audioPlay":false,"sceneViewState":{"m_AlwaysRefresh":false,"showFog":true,"showSkybox":true,"showFlares":true,"showImageEffects":true,"showParticleSystems":true,"showVisualEffectGraphs":true,"m_FxEnabled":true},"in2DMode":false,"pivot":{"x":626.298095703125,"y":380.78033447265627,"z":1.73614501953125},"rotation":{"x":-0.0029998759273439647,"y":-0.005090691614896059,"z":-0.000019399005395825952,"w":-1.0000258684158326},"size":586.5328979492188,"orthographic":false}