{"cameraMode":{"drawMode":0,"name":"Shaded","section":"Shading Mode"},"sceneLighting":false,"audioPlay":false,"sceneViewState":{"m_AlwaysRefresh":false,"showFog":false,"showSkybox":false,"showFlares":false,"showImageEffects":false,"showParticleSystems":false,"showVisualEffectGraphs":true,"m_FxEnabled":true},"in2DMode":false,"pivot":{"x":2.682209014892578e-7,"y":0.8347684144973755,"z":-0.2536374032497406},"rotation":{"x":-0.03928675130009651,"y":0.013498750515282154,"z":-0.0005387195851653814,"w":-0.9991585612297058},"size":1.0940020084381104,"orthographic":false}